{
    "train/jaccard": 88.53096903096903,
    "train/loss": 5.340726929593995
}