{
    "val/jaccard": 90.54638694638695,
    "val/loss": 1.3643856022014114
}