{
    "val/jaccard": 90.53426573426573,
    "val/loss": 1.2950552731790816
}