{
    "val/jaccard": 90.45850815850817,
    "val/loss": 1.469591351324599
}