{
    "val/jaccard": 90.55244755244756,
    "val/loss": 1.2343945402307104
}