{
    "val/jaccard": 88.9032301032301,
    "val/loss": 5.219676585300899
}