{
    "val/jaccard": 90.25244755244756,
    "val/loss": 2.538047752808353
}