{
    "val/jaccard": 90.51002331002331,
    "val/loss": 1.7427522261571238
}