{
    "val/jaccard": 90.54941724941726,
    "val/loss": 1.2905126894954666
}