{
    "val/jaccard": 90.55244755244756,
    "val/loss": 1.2504885284181997
}