{
    "train/jaccard": 89.96456876456875,
    "train/loss": 1.346907379914361
}