{
    "val/jaccard": 58.52144522144522,
    "val/loss": 5.585624013967801
}