{
    "val/jaccard": 58.646709662886124,
    "val/loss": 5.6348836234765285
}