{
    "train/jaccard": 57.465773931950395,
    "train/loss": 5.669040432041443
}