{
    "val/jaccard": 58.66909561027208,
    "val/loss": 5.6739202756368075
}