{
    "val/jaccard": 58.57272727272726,
    "val/loss": 5.698400033884319
}