{
    "train/jaccard": 57.380758946935416,
    "train/loss": 5.628788861621793
}