{
    "val/jaccard": 58.60997140114787,
    "val/loss": 5.626580985202825
}