{
    "val/jaccard": 58.641999666999666,
    "val/loss": 5.717532266618653
}