{
    "val/jaccard": 58.617214158390624,
    "val/loss": 5.718014627974053
}