{
    "val/jaccard": 58.63783716283715,
    "val/loss": 5.686040668025965
}