{
    "val/jaccard": 58.61012321012321,
    "val/loss": 5.681809027708871
}