{
    "val/jaccard": 58.49725078842726,
    "val/loss": 5.6864849803631365
}