{
    "val/jaccard": 58.45754245754246,
    "val/loss": 5.691542454200208
}