{
    "val/jaccard": 58.78890913008559,
    "val/loss": 5.683353056414639
}