{
    "val/jaccard": 53.11950598421186,
    "val/loss": 7.0873557995486625
}