{
    "val/jaccard": 58.59996669996669,
    "val/loss": 5.596828452563303
}