{
    "train/jaccard": 57.437968404144875,
    "train/loss": 5.663077030047439
}