{
    "val/jaccard": 58.51971361971361,
    "val/loss": 5.606907078317788
}