{
    "val/jaccard": 58.402503868680334,
    "val/loss": 5.496400212919299
}