{
    "val/jaccard": 58.63269034886682,
    "val/loss": 5.6412172371822855
}