{
    "val/jaccard": 58.598715989892455,
    "val/loss": 5.588681150135393
}