{
    "val/jaccard": 58.40826477444124,
    "val/loss": 5.48458305409282
}