{
    "val/jaccard": 58.456350022526486,
    "val/loss": 5.558067286436437
}