{
    "val/jaccard": 58.58256547374194,
    "val/loss": 5.4786897657626135
}