{
    "val/jaccard": 58.45891412509058,
    "val/loss": 5.462419265368151
}