{
    "val/jaccard": 58.248817848817836,
    "val/loss": 5.6221202436477835
}