{
    "val/jaccard": 58.58086717204363,
    "val/loss": 5.476294425050056
}