{
    "train/jaccard": 57.61875428493075,
    "train/loss": 5.5012939215625245
}