{
    "val/jaccard": 58.490349356525826,
    "val/loss": 5.5256677686413305
}