{
    "val/jaccard": 58.581893106893105,
    "val/loss": 5.579948065381627
}