{
    "val/jaccard": 58.539227439227425,
    "val/loss": 5.4868573957822
}