{
    "val/jaccard": 58.47922714540361,
    "val/loss": 5.521190723691045
}