{
    "val/jaccard": 58.38811825429472,
    "val/loss": 5.450655266383145
}