{
    "val/jaccard": 58.726771267947726,
    "val/loss": 5.708970091842188
}