{
    "val/jaccard": 58.35295341912988,
    "val/loss": 5.473816813527134
}