{
    "val/jaccard": 58.447092613269085,
    "val/loss": 5.515786570400225
}