{
    "val/jaccard": 58.436969403145866,
    "val/loss": 5.453363187391863
}