{
    "val/jaccard": 58.31411921411921,
    "val/loss": 5.5369281693336365
}