{
    "train/jaccard": 57.5730666392431,
    "train/loss": 5.474483810520622
}