{
    "val/jaccard": 58.64551086168732,
    "val/loss": 5.601506150974405
}