{
    "val/jaccard": 58.55635834753481,
    "val/loss": 5.6253991773387755
}