{
    "train/jaccard": 57.444661710838176,
    "train/loss": 5.689022939421516
}