{
    "val/jaccard": 58.531183522359996,
    "val/loss": 5.688105717124346
}