{
    "train/jaccard": 57.401971068147525,
    "train/loss": 5.590148848056466
}