{
    "val/jaccard": 58.59069900687547,
    "val/loss": 5.5426618601991855
}