{
    "val/jaccard": 58.75833137450784,
    "val/loss": 5.602491380508009
}