{
    "val/jaccard": 58.79226410844057,
    "val/loss": 5.522908889553612
}