{
    "val/jaccard": 58.25008325008325,
    "val/loss": 5.603207632936723
}