{
    "val/jaccard": 58.56756576756577,
    "val/loss": 5.470319756805588
}