{
    "val/jaccard": 58.562219153395624,
    "val/loss": 5.534995920738009
}