{
    "val/jaccard": 58.45055581673228,
    "val/loss": 5.549474208255111
}