{
    "val/jaccard": 58.33244059861706,
    "val/loss": 5.523031648984405
}