{
    "val/jaccard": 58.500006366182824,
    "val/loss": 5.441791015698472
}