{
    "val/jaccard": 58.306341697518164,
    "val/loss": 5.466425077810033
}