{
    "train/jaccard": 57.583089949266416,
    "train/loss": 5.514550797900256
}