{
    "val/jaccard": 58.590542790542784,
    "val/loss": 5.585843192984601
}