{
    "val/jaccard": 58.642172533349,
    "val/loss": 5.656567794866438
}