{
    "train/jaccard": 57.48235734853382,
    "train/loss": 5.675905331683046
}