{
    "val/jaccard": 90.18275058275059,
    "val/loss": 2.569975355848858
}