{
    "val/jaccard": 90.4948717948718,
    "val/loss": 1.2197884898359304
}