{
    "val/jaccard": 90.53123543123543,
    "val/loss": 1.4342638409556767
}