{
    "val/jaccard": 90.53123543123543,
    "val/loss": 1.287979223912094
}