{
    "val/jaccard": 88.56080586080587,
    "val/loss": 5.253748320947318
}