{
    "val/jaccard": 90.51305361305363,
    "val/loss": 1.2787961547158118
}