{
    "val/jaccard": 90.4948717948718,
    "val/loss": 1.2958435422518313
}