{
    "val/jaccard": 90.47668997669,
    "val/loss": 1.7361802741189258
}