{
    "train/jaccard": 89.92517482517482,
    "train/loss": 1.3039914068016514
}