{
    "train/jaccard": 88.20392940392942,
    "train/loss": 5.351802633610275
}