{
    "train/jaccard": 26.7709274852132,
    "train/loss": 4.8717491836142655
}