{
    "val/jaccard": 90.51305361305361,
    "val/loss": 1.250485793197606
}