{
    "val/jaccard": 90.51305361305361,
    "val/loss": 1.3109883256414723
}