{
    "val/jaccard": 88.77455877455878,
    "val/loss": 5.242452398131424
}