{
    "val/jaccard": 90.406993006993,
    "val/loss": 1.7611984158126257
}