{
    "val/jaccard": 90.06689976689977,
    "val/loss": 2.5208638399416823
}