{
    "val/jaccard": 90.51305361305363,
    "val/loss": 1.4461320295546103
}