{
    "val/jaccard": 90.46689976689976,
    "val/loss": 1.3030872880626798
}