{
    "val/jaccard": 90.53123543123543,
    "val/loss": 1.3846937557502244
}