{
    "val/jaccard": 90.46153846153847,
    "val/loss": 1.2307346398298322
}