{
    "val/jaccard": 90.5032634032634,
    "val/loss": 1.2768769979037162
}