{
    "train/jaccard": 89.85547785547784,
    "train/loss": 1.3265902000540861
}