{
    "train/jaccard": 57.28072564690211,
    "train/loss": 5.738528338820184
}