{
    "val/jaccard": 90.27062937062936,
    "val/loss": 2.5302043983330935
}