{
    "val/jaccard": 90.54941724941726,
    "val/loss": 1.2588087320254195
}