{
    "val/jaccard": 90.54941724941726,
    "val/loss": 1.2679231256300674
}