{
    "val/jaccard": 90.44335664335665,
    "val/loss": 1.7861640169095978
}