{
    "val/jaccard": 88.64262404262404,
    "val/loss": 5.263404600273665
}