{
    "val/jaccard": 90.49487179487178,
    "val/loss": 1.469584355281877
}