{
    "val/jaccard": 90.49487179487178,
    "val/loss": 1.279492991194356
}