{
    "val/jaccard": 90.51305361305361,
    "val/loss": 1.3735045169406046
}