{
    "train/jaccard": 89.9100233100233,
    "train/loss": 1.2694075277536383
}