{
    "val/jaccard": 58.40610027227673,
    "val/loss": 5.420507401560888
}