{
    "val/jaccard": 58.60853313353313,
    "val/loss": 5.574312575343188
}