{
    "val/jaccard": 58.43160809778456,
    "val/loss": 5.612163370448592
}