{
    "val/jaccard": 58.6675388337153,
    "val/loss": 5.710216717272954
}