{
    "val/jaccard": 58.79915084915084,
    "val/loss": 5.646692839699137
}