{
    "val/jaccard": 58.73631172748819,
    "val/loss": 5.580437520080412
}