{
    "val/jaccard": 58.33000969618616,
    "val/loss": 5.513918647149344
}