{
    "val/jaccard": 58.434072300248765,
    "val/loss": 5.494139339490863
}