{
    "val/jaccard": 58.349323715500184,
    "val/loss": 5.426573351621795
}