{
    "val/jaccard": 58.45971332588979,
    "val/loss": 5.440203810303604
}