{
    "train/jaccard": 57.53254049871696,
    "train/loss": 5.515474607387872
}