{
    "val/jaccard": 58.33650320267967,
    "val/loss": 5.677393474044255
}