{
    "train/jaccard": 57.19900736518383,
    "train/loss": 5.751710189886362
}