{
    "val/jaccard": 58.69069900687548,
    "val/loss": 5.567582095271127
}