{
    "val/jaccard": 58.69864938982586,
    "val/loss": 5.681699520810918
}