{
    "train/jaccard": 57.5738991400756,
    "train/loss": 5.672114032376447
}