{
    "val/jaccard": 58.44396241013888,
    "val/loss": 5.633854023905096
}