{
    "val/jaccard": 58.69961509079156,
    "val/loss": 5.618089805687292
}