{
    "train/jaccard": 57.57523114140761,
    "train/loss": 5.6356544744887875
}