{
    "val/jaccard": 58.6568931068931,
    "val/loss": 5.657254312787924
}