{
    "val/jaccard": 58.46793206793206,
    "val/loss": 5.706090643025108
}