{
    "val/jaccard": 58.66917886035533,
    "val/loss": 5.623567081599322
}