{
    "val/jaccard": 58.577570468746934,
    "val/loss": 5.712299883648469
}