{
    "val/jaccard": 58.67311658929305,
    "val/loss": 5.780927878493602
}