{
    "val/jaccard": 58.56554915672562,
    "val/loss": 5.703775955674819
}