{
    "val/jaccard": 52.96303549391784,
    "val/loss": 7.067452981129527
}