{
    "val/jaccard": 58.68144159761806,
    "val/loss": 5.598061401152826
}