{
    "val/jaccard": 58.69715088832735,
    "val/loss": 5.658188859763485
}