{
    "val/jaccard": 58.65402734520381,
    "val/loss": 5.674780558584902
}