{
    "train/jaccard": 57.41728908346554,
    "train/loss": 5.616399624711457
}